year,cost_millions,children_affected_thousands
2026,-15.606797291006304,6.767059
2027,-16.3057041442079,9.686413
2028,-19.802196518662658,9.608371
2029,-22.05170775561477,9.767948
2030,-24.11308405579269,9.811906
